{"cameraMode":{"drawMode":0,"name":"Shaded","section":"Shading Mode"},"sceneLighting":false,"audioPlay":false,"sceneViewState":{"showFog":true,"showMaterialUpdate":false,"showSkybox":false,"showFlares":true,"showImageEffects":true,"showParticleSystems":true},"in2DMode":false,"pivot":{"x":-0.03253889083862305,"y":1.2000000476837159,"z":-0.2016448974609375},"rotation":{"x":-0.12110193818807602,"y":0.8403974175453186,"z":-0.2099483609199524,"w":-0.48475584387779238},"size":4.041658401489258,"orthographic":false}