{"cameraMode":{"drawMode":0,"name":"Shaded","section":"Shading Mode"},"sceneLighting":false,"audioPlay":false,"sceneViewState":{"showFog":true,"showMaterialUpdate":false,"showSkybox":true,"showFlares":true,"showImageEffects":true,"showParticleSystems":true},"in2DMode":false,"pivot":{"x":-0.7241878509521484,"y":-2.1277389526367189,"z":2.0214061737060549},"rotation":{"x":-0.1454121172428131,"y":0.8542066812515259,"z":-0.3665113151073456,"w":-0.3389039933681488},"size":40.91073989868164,"orthographic":false}