{"cameraMode":{"drawMode":0,"name":"Shaded","section":"Shading Mode"},"sceneLighting":false,"audioPlay":false,"sceneViewState":{"showFog":true,"showMaterialUpdate":false,"showSkybox":true,"showFlares":true,"showImageEffects":true,"showParticleSystems":true},"in2DMode":false,"pivot":{"x":-0.6543440818786621,"y":-9.832479476928711,"z":-1.4774856567382813},"rotation":{"x":-0.378208726644516,"y":0.06296570599079132,"z":-0.02579500339925289,"w":-0.9232162237167358},"size":49.2977409362793,"orthographic":false}